Marca temporal,Prueba,IDUser,Column 4
Thu Jan 08 2026 18:41:12 GMT+0000 (Western European Standard Time),Opción 1,1,
Thu Jan 08 2026 18:41:20 GMT+0000 (Western European Standard Time),Opción 3,2,
Thu Jan 08 2026 18:42:58 GMT+0000 (Western European Standard Time),Opción 4,3,
Thu Jan 08 2026 18:43:02 GMT+0000 (Western European Standard Time),Opción 1,4,
Thu Jan 08 2026 18:43:06 GMT+0000 (Western European Standard Time),Opción 2,5,
Mon Jan 12 2026 20:16:27 GMT+0000 (Western European Standard Time),Opción 4,6,
Mon Jan 12 2026 20:16:33 GMT+0000 (Western European Standard Time),Opción 4,7,
Mon Jan 12 2026 20:16:38 GMT+0000 (Western European Standard Time),Opción 4,8,
Mon Jan 12 2026 20:18:37 GMT+0000 (Western European Standard Time),Opción 4,9,
Mon Jan 12 2026 20:18:43 GMT+0000 (Western European Standard Time),Opción 4,10,
Mon Jan 12 2026 20:18:45 GMT+0000 (Western European Standard Time),Opción 4,11,
Mon Jan 12 2026 20:18:48 GMT+0000 (Western European Standard Time),Opción 4,12,
Mon Jan 12 2026 20:28:42 GMT+0000 (Western European Standard Time),Opción 4,13,
Mon Jan 12 2026 20:28:45 GMT+0000 (Western European Standard Time),Opción 3,14,
Mon Jan 12 2026 20:28:49 GMT+0000 (Western European Standard Time),Opción 1,15,
Mon Jan 12 2026 21:18:07 GMT+0000 (Western European Standard Time),Opción 4,16,
Mon Jan 12 2026 21:18:10 GMT+0000 (Western European Standard Time),Opción 4,17,
Mon Jan 12 2026 21:18:16 GMT+0000 (Western European Standard Time),Opción 4,18,
Mon Jan 12 2026 21:18:23 GMT+0000 (Western European Standard Time),Opción 4,19,
Mon Jan 12 2026 21:20:42 GMT+0000 (Western European Standard Time),Opción 3,20,
Thu Feb 12 2026 13:07:41 GMT+0000 (Western European Standard Time),Opción 1,21,
